,5
coma,274
los hermanos,253
big bang,220
rentrer en soi,213
the gazette,208
equilibrium,205
combichrist,196
and one,196
anthrax,194
moi dix mois,190
suicide commando,190
apoptygma berzerk,189
darkthrone,188
mayhem,187
modern life is war,186
the devil wears prada,185
covenant,184
silverstein,183
leevi and the leavings,181
ludacris,180
a day to remember,179
escape the fate,178
x japan,178
down to nothing,178
usher,177
gorgoroth,177
hocico,177
blutengel,177
burzum,176
pmmp,176
donguralesko,176
klamydia,176
jamal,175
hot water music,175
jawbreaker,175
converge,175
bane,174
assemblage 23,174
vavamuffin,174
kotiteollisuus,174
satyricon,174
carpathian forest,173
bring me the horizon,173
unheilig,172
blessthefall,171
adriana calcanhotto,171
kaliber 44,170
trash talk,170
three 6 mafia,170
blacklisted,169
laibach,169
cobra starship,168
buck-tick,167
blumentopf,167
akurat,167
m-flo,167
50 cent,166
swans,166
immortal,165
crime in stereo,165
cannibal corpse,163
champion,163
strike anywhere,163
emperor,162
morbid angel,162
stam1na,161
gang starr,161
die apokalyptischen reiter,161
peter fox,160
funker vogt,160
chamillionaire,160
dr. dre,160
:wumpscut:,160
chiodos,160
a wilhelm scream,160
bloodbath,159
the berzerker,159
eisregen,159
cmx,159
coil,158
rick ross,158
marisa monte,158
asp,158
method man,158
vnv nation,157
dillinger four,157
alesana,157
wu-tang clan,156
deichkind,156
jacek kaczmarski,156
isis,155
apulanta,155
engenheiros do hawaii,155
s.h.e,155
mind.in.a.box,154
andrew jackson jihad,154
all shall perish,154
orange range,154
do as infinity,154
the game,154
t.love,153
the hush sound,153
rome,153
news,153
vetusta morla,153
pennywise,153
alicia keys,153
no use for a name,153
masta ace,152
current 93,152
oomph!,152
metro station,151
tristania,151
nile,151
decapitated,151
pih,151
sirenia,151
r. kelly,151
t.i.,151
the academy is...,151
hey,151
dissection,151
anal cunt,150
ciara,150
mokoma,150
the lawrence arms,150
perkele,150
belphegor,149
against me!,149
caetano veloso,149
hillsong,148
cute is what we aim for,148
hide,148
colony 5,148
strung out,148
taylor swift,148
the gaslight anthem,147
verse,147
bump of chicken,147
marduk,147
underoath,147
3oh!3,146
i killed the prom queen,146
eppu normaali,146
grendel,145
d,145
helloween,145
kalmah,145
samy deluxe,144
deicide,144
pezet,144
mobb deep,144
malice mizer,144
la casa azul,143
bathory,142
soilwork,142
janne da arc,142
behemoth,141
carrie underwood,141
edguy,141
the pussycat dolls,141
the legendary pink dots,141
sido,140
ugk,140
vader,140
suicide silence,140
death in june,140
agonoize,140
caliban,140
happysad,139
social distortion,139
from first to last,139
lifetime,139
yui,139
aaliyah,139
sophie ellis-bextor,139
lia,139
beat crusaders,138
myslovitz,138
europe,138
necrophagist,138
the veronicas,138
kult,138
a skylit drive,138
love of lesbian,137
cunninlynguists,137
fettes brot,137
norther,137
tarja turunen,137
kollegah,137
comeback kid,137
lagwagon,136
parkway drive,136
eagles of death metal,136
blackfield,136
elis regina,136
killing the dream,136
iosys,136
chris tomlin,136
death,136
de/vision,136
annie,135
every little thing,135
young jeezy,135
shinee,135
despised icon,135
los piratas,135
polysics,135
se7en,134
regurgitate,134
agoraphobic nosebleed,134
dance gavin dance,134
viikate,134
hillsong united,134
tech n9ne,134
raul seixas,134
september,134
jennifer lopez,134
mesh,133
high and mighty color,133
sonic syndicate,133
theatre of tragedy,133
cold world,133
eisbrecher,133
letzte instanz,133
the gathering,133
kyuss,132
enslaved,132
schandmaul,132
in extremo,132
tede,132
gamma ray,132
tactical sekt,132
rotten sound,131
korpiklaani,131
chico buarque,131
robyn,131
front line assembly,131
dark tranquillity,131
riverside,131
bolt thrower,131
the black dahlia murder,131
skid row,131
gza/genius,130
sonata arctica,130
mayday parade,130
after forever,130
dead kennedys,130
kreator,130
annihilator,130
luna sea,130
saltatio mortis,130
paktofonika,130
motion city soundtrack,129
brother ali,129
danity kane,129
walls of jericho,129
boys like girls,129
ayreon,129
aesop rock,129
hammerfall,129
yup,129
monster magnet,129
symphony x,129
dmx,128
t.m.revolution,128
scar symmetry,128
david crowder band,128
delain,128
sol invictus,128
britney spears,127
keyshia cole,127
uverworld,127
the starting line,127
supercar,127
samsas traum,127
prinz pi,127
carnifex,127
anaal nathrakh,127
millencolin,127
12012,127
forever the sickest kids,126
ensiferum,126
ashlee simpson,126
stratovarius,126
ali project,126
mxpx,126
miyavi,126
the exploited,126
sage francis,126
endstille,126
taking back sunday,125
sinking ships,125
perfume,125
king diamond,125
immortal technique,125
bomb the music industry!,125
last days of humanity,125
reel big fish,125
the fall of troy,125
desert sessions,125
beatsteaks,124
kiss,124
blind guardian,124
electric wizard,124
chicane,124
sound horizon,124
kat-tun,124
schiller,124
sodom,124
pain of salvation,124
catch 22,124
clan of xymox,124
knorkator,123
eastwest rockers,123
something corporate,123
the ergs!,123
five iron frenzy,123
los planetas,123
as i lay dying,123
redman,123
between the buried and me,123
above & beyond,123
spice girls,123
delirious?,123
gackt,123
mr.children,122
jedi mind tricks,122
bracewar,122
godflesh,122
jig-ai,122
grammatik,121
blank & jones,121
acidman,121
six feet under,121
marea,121
seabound,121
ashley tisdale,121
lloyd banks,121
bad brains,120
ignite,120
epik high,120
madvillain,120
christina aguilera,120
good riddance,120
cock and ball torture,120
eluveitie,120
heaven shall burn,120
onyx,120
subway to sally,120
megaherz,120
skinny puppy,120
cryptopsy,120
the mighty mighty bosstones,120
front 242,120
fu manchu,120
evergrey,119
madness,119
within temptation,119
kazik,119
dying fetus,119
scandinavian music group,119
agnostic front,119
the rocket summer,118
clueso,118
jonas brothers,118
charles bronson,118
streetlight manifesto,118
moonsorrow,117
poison,117
melvins,117
have heart,117
epica,117
janet jackson,117
insomnium,117
exodus,117
mariah carey,117
propagandhi,117
patrice,116
rza,116
dynamite deluxe,116
element of crime,116
j.b.o.,116
melanie c,116
eyes set to kill,116
the slackers,116
rip slyme,116
kamelot,116
the sisters of mercy,116
hanoi rocks,115
groundation,115
der blutharsch,115
joe budden,115
"defiance, ohio",115
jars of clay,115
avantasia,115
scary kids scaring kids,115
the spill canvas,115
testament,115
ceremony,115
neaera,114
def leppard,114
madonna,114
demi lovato,114
pig destroyer,114
mae,114
super junior,113
nofx,113
ferry corsten,113
papoose,113
kataklysm,113
ultra bra,113
bayside,113
frei.wild,113
clutch,113
g-unit,113
paint it black,113
ice cube,113
the maine,113
ss501,113
darkest hour,113
protest the hero,113
as blood runs black,113
maria rita,112
finntroll,112
graveworm,112
the early november,112
autechre,112
horrorpops,112
rhapsody of fire,112
kokia,112
seeed,112
nightmare,112
farben lehre,112
the casualties,112
ministry,112
hatebreed,111
overkill,111
armor for sleep,111
bear mccreary,111
chakuza,111
face to face,111
der w,111
atmosphere,111
less than jake,111
paul van dyk,111
the dillinger escape plan,111
wizo,111
the cramps,111
feindflug,111
favorite,110
necro,110
common,110
relient k,110
hilary duff,110
maj karma,110
all time low,110
attack attack!,110
plastic tree,110
mortician,110
aly & aj,110
dream theater,110
kmfdm,110
fito & fitipaldis,110
third day,109
blood for blood,109
mary j. blige,109
black flag,109
cascada,109
xandria,109
l'arc~en~ciel,109
falkenbach,109
integrity,109
olli banjo,109
art-school,109
disarmonia mundi,109
killing joke,109
miley cyrus,109
destruction,108
aaa,108
clazziquai,108
the locust,108
nevermore,108
emarosa,108
dixie chicks,108
copeland,108
the pillows,108
raised fist,108
suffocation,108
sabaton,108
minor threat,108
saosin,108
acceptance,107
wir sind helden,107
harry gregson-williams,107
fly to the sky,107
danzig,107
madlib,107
casting crowns,107
all that remains,107
bleeding through,107
horse the band,107
gotthard,106
lao che,106
norma jean,106
madsen,106
musiq,106
mad sin,106
enrique bunbury,106
j dilla,106
army of the pharaohs,106
pezet-noon,106
jorge ben,106
lunatica,106
switchfoot,106
eldo,106
stray cats,106
sportfreunde stiller,106
turisas,105
michael giacchino,105
elvenking,105
mors principium est,105
monrose,105
arkona,105
napalm death,105
envy,105
basshunter,105
paul oakenfold,105
say anything,105
betontod,105
delta goodrem,105
farin urlaub,104
larc~en~ciel,104
icon of coil,104
outbreak,104
juno reactor,104
job for a cowboy,104
the audition,104
garth brooks,104
seether,104
misery signals,104
obituary,104
sean paul,104
oceanlab,103
extremoduro,103
hannah montana,103
venom,103
david cook,103
summoning,103
thomas newman,103
catamenia,103
a tribe called quest,103
the skatalites,102
angra,102
down,102
glenn gould,102
mf doom,102
hardcore superstar,102
every time i die,102
squarepusher,102
velvet acid christ,101
juelz santana,101
edenbridge,101
the alan parsons project,101
fear before the march of flames,101
rhapsody,101
august burns red,101
sopor aeternus & the ensemble of shadows,101
kelly clarkson,100
krisiun,100
unearth,100
saves the day,100
circle jerks,100
thee michelle gun elephant,100
boa,100
saxon,100
eternal tears of sorrow,100
the cab,100
kool savas,99
cage,99
taake,99
dragonforce,99
kettcar,99
whitesnake,99
freedom call,99
limbonic art,99
ellegarden,99
marillion,99
disco ensemble,99
the specials,99
bonnie pink,99
boris,99
the analogs,99
radwimps,98
the number twelve looks like you,98
corrosion of conformity,98
trapt,98
bauhaus,98
before the dawn,98
nargaroth,98
big d and the kids table,98
lil wayne,98
rancid,98
lifelover,98
emmure,98
before their eyes,98
colbie caillat,98
eufonius,97
biohazard,97
crystal kay,97
dannii minogue,97
tankard,97
lindsay lohan,97
kelis,97
broilers,97
this providence,97
loikaemie,97
lacuna coil,97
diorama,96
la quiete,96
tiktak,96
atb,96
alice cooper,96
haste the day,96
anthony b,96
capsule,96
enter shikari,96
"drop dead, gorgeous",96
latterman,96
the bouncing souls,96
hit the lights,96
ne-yo,96
9mm parabellum bullet,96
versailles,96
mad caddies,96
abingdon boys school,95
gucci mane,95
brandy,95
alice nine.,95
porcupine tree,95
die toten hosen,95
fokus,95
tomte,95
olivia,95
fields of the nephilim,95
monkey majik,95
james horner,94
k.i.z.,94
kenny chesney,94
robin thicke,94
mercenary,94
lacrimosa,94
brand new,94
asian kung-fu generation,94
daphne loves derby,94
death before dishonor,94
drudkh,94
brad paisley,94
scooter,94
bone thugs-n-harmony,94
tocotronic,94
quasimoto,93
judas priest,93
kotoko,93
lm.c,93
straylight run,93
casper,93
egotrippi,93
w.a.s.p.,93
devin the dude,93
king crimson,93
james newton howard,93
anti-flag,93
shook ones,93
me first and the gimme gimmes,93
ruiner,93
lady gaga,92
dir en grey,92
greeley estates,92
el-p,92
thyrfing,92
poison the well,92
philip glass,92
siouxsie and the banshees,92
nas,92
david archuleta,92
brant bjork,92
faun,92
ksu,92
rascal flatts,92
los fabulosos cadillacs,92
das ich,92
enigma,92
the vandals,92
jorge drexler,92
jesse mccartney,92
lori meyers,91
manowar,91
orchid,91
suicidal tendencies,91
snowgoons,91
saetia,91
muff potter,91
keith urban,91
popeda,91
little brother,90
discipline,90
kent,90
electric light orchestra,90
rx bandits,90
terror,90
my dying bride,90
tiger army,90
goldfinger,90
infected mushroom,90
tehosekoitin,90
the format,90
bad religion,90
aretha franklin,90
paul baribeau,90
tanzwut,90
kylie minogue,90
agalloch,90
reverend horton heat,90
biosphere,90
missy elliott,89
groove coverage,89
cold,89
birdflesh,89
pato fu,89
gwen stefani,89
all saints,89
dritte wahl,89
erik satie,89
2cztery7,89
os mutantes,89
4 strings,89
running wild,89
camel,89
danny elfman,89
whitney houston,89
dream evil,89
carbon based lifeforms,89
fabolous,88
mudvayne,88
neurosis,88
skillet,88
jay-z,88
the bones,88
no fun at all,88
1349,88
christian death,88
sugababes,88
draconian,88
kutless,88
plaid,88
kyau vs. albert,88
damian marley,87
the aggrolites,87
ill bill,87
wonder girls,87
anna ternheim,87
rosenstolz,87
falconer,87
turbonegro,87
circa survive,87
elis,87
afterhours,87
deadlock,87
shinedown,87
senses fail,87
nemesea,87
adema,87
madball,87
sikth,87
max richter,87
nasum,86
whitechapel,86
screeching weasel,86
modern talking,86
in flames,86
maroon,86
tangerine dream,86
ampere,86
cinderella,86
the saturdays,86
cosmic gate,86
girls aloud,86
big l,85
hello saferide,85
talib kweli,85
eluvium,85
young buck,85
the chariot,85
satanic surfers,85
jordin sparks,85
venetian snares,85
dashboard confessional,85
london after midnight,85
chris brown,85
joe,85
olli schulz & der hund marie,85
hank williams iii,85
dimmu borgir,85
cool kids of death,85
threshold,85
the cribs,85
download,84
immolation,84
buck 65,84
shining,84
god module,84
franco battiato,84
belvedere,84
elio e le storie tese,84
shpongle,84
e nomine,84
howard shore,84
siobhan donaghy,84
boom boom satellites,84
cartel,84
discharge,84
genghis tron,84
the suicide machines,83
notorious b.i.g.,83
india.arie,83
melody.,83
la fuga,83
accept,83
juice leskinen,83
armin van buuren,83
breaking benjamin,83
jethro tull,83
cocteau twins,83
newsboys,83
shadow gallery,83
rotting christ,83
deathstars,83
the back horn,83
savatage,83
cynic,83
crossfade,83
jimmy buffett,83
bill evans,82
born of osiris,82
pulley,82
curse,82
casey jones,82
the chameleons,82
klaus badelt,82
owl city,82
leng tch'e,82
rbd,82
tim mcgraw,82
the future sound of london,82
genesis,82
roger waters,82
descendents,82
hirano aya,82
soda stereo,82
snoop dogg,82
yes,82
nasty,82
amerie,81
mr. big,81
t-pain,81
he is legend,81
sherwood,81
abradab,81
gustavo cerati,81
john williams,81
sizzla,81
burning spear,81
rachel stevens,81
crass,81
bruce dickinson,81
ohgr,81
haemorrhage,81
jill scott,81
agathocles,81
alestorm,80
stars of the lid,80
neuroticfish,80
babyshambles,80
dark funeral,80
the meteors,80
jadakiss,80
nurse with wound,80
tlc,80
animosity,80
h2o,80
molotov,80
antonio vivaldi,80
the adicts,80
rie fu,80
milk inc.,80
the flower kings,80
the john butler trio,80
diary of dreams,80
steve jablonsky,80
drive-by truckers,80
round table featuring nino,80
the flashbulb,79
circle takes the square,79
vanessa hudgens,79
gentle giant,79
emery,79
the arrogant sons of bitches,79
valencia,79
jojo,79
demons & wizards,79
n*e*r*d,79
bz,79
alter bridge,79
angerfist,79
jeremy camp,79
craig david,79
a static lullaby,79
public enemy,78
mandy moore,78
gorilla biscuits,78
the blood brothers,78
bushido,78
moonspell,78
narziss,78
erykah badu,78
peter gabriel,78
jam project,78
katharine mcphee,78
throwdown,78
subsonica,78
mihimaru gt,78
maxwell,78
impaled nazarene,78
into eternity,78
american nightmare,78
evergreen terrace,78
akon,78
leona lewis,78
ella fitzgerald,78
blood stain child,77
kategorie c,77
hypocrisy,77
pereza,77
sick of it all,77
fler,77
cursive,77
wise guys,77
aborted,77
nightrage,76
michael w. smith,76
os paralamas do sucesso,76
bad manners,76
tiger lou,76
see you next tuesday,76
happoradio,76
lynch.,76
natural dread killaz,76
war from a harlots mouth,76
lemuria,76
gut,76
grave digger,76
boysetsfire,76
london elektricity,76
peter tosh,76
grapevine,76
james morrison,76
atomic kitten,76
the avett brothers,76
krypteria,75
solar fields,75
kevin devine,75
trivium,75
leaves' eyes,75
the rakes,75
vanessa da mata,75
ryan adams & the cardinals,75
lydia,75
mygrain,75
slum village,75
ace of base,75
chet baker,75
iris,75
cornelius,75
raekwon,75
anathema,75
the maccabees,75
thelonious monk,75
gentleman,75
ani difranco,75
carcass,75
architects,75
natasha bedingfield,75
bury your dead,74
charles mingus,74
pyotr ilyich tchaikovsky,74
ryan adams,74
herbie hancock,74
fates warning,74
entwine,74
dezerter,74
clickclickdecker,74
astral projection,74
visions of atlantis,74
finger eleven,74
ghost mice,74
funeral for a friend,74
john powell,74
dismember,74
david gilmour,73
billie the vision & the dancers,73
duke ellington,73
antimatter,73
markus schulz,73
keith jarrett,73
echo & the bunnymen,73
bodies without organs,73
lucinda williams,73
tesla,73
ghostface,73
swollen members,73
emma bunton,73
pizzicato five,73
burden of a day,73
sylver,72
entombed,72
dope stars inc.,72
mercyful fate,72
tyler bates,72
aphrodite,72
naglfar,72
hunter,72
ozric tentacles,72
the mission,72
krs-one,72
haujobb,72
the aquabats,72
brighten,72
raein,72
corvus corax,72
cult of luna,71
skream,71
capleton,71
vasco rossi,71
kottonmouth kings,71
secondhand serenade,71
e-type,71
raimundos,71
neko case,71
the appleseed cast,71
chimaira,71
benny benassi,71
ratt,71
jim jones,71
playradioplay!,71
a*teens,71
anberlin,71
lauryn hill,71
destiny's child,71
josh ritter,71
kate ryan,71
the get up kids,71
the tough alliance,71
the ark,71
gorguts,71
syrup16g,71
flo rida,71
foals,70
high contrast,70
chevelle,70
2pac,70
operation ivy,70
iced earth,70
kevin johansen,70
project pitchfork,70
people under the stairs,70
cinema strange,70
four year strong,70
shania twain,70
new found glory,70
orange goblin,70
danger danger,70
ludwig van beethoven,70
shade empire,70
insane clown posse,70
angela,70
wolfgang amadeus mozart,70
darude,70
jan delay,70
death by stereo,69
charlie parker,69
john lee hooker,69
dendemann,69
tim hecker,69
katatonia,69
cartola,69
jon foreman,69
billy joel,69
o.s.t.r.,69
robert miles,69
dragon ash,69
new model army,69
heavy heavy low low,69
funny van dannen,69
claude debussy,69
stick to your guns,69
l.a. guns,68
muddy waters,68
ashanti,68
hans zimmer,68
cock sparrer,68
cream,68
nitzer ebb,68
twista,68
absoluuttinen nollapiste,68
supertramp,68
journey,68
slut,68
rotersand,68
la oreja de van gogh,68
d'espairsray,68
old man's child,68
useless id,68
swallow the sun,68
kaya,68
foetus,67
nekromantix,67
hilltop hoods,67
busta rhymes,67
static-x,67
go!go!7188,67
in strict confidence,67
municipal waste,67
skyforger,67
guttermouth,67
atheist,67
crooked i,67
paul mccartney,67
george strait,67
the planet smashers,67
john coltrane,67
across five aprils,67
fantastic plastic machine,67
the radio dept.,67
kid dynamite,67
inxs,67
p.o.s.,67
grizzly bear,67
suzanne vega,67
the roots,67
empyrium,67
the cat empire,66
2raumwohnung,66
logistics,66
toby keith,66
hawthorne heights,66
beneath the massacre,66
rush,66
the haunted,66
born from pain,66
the orb,66
tokio hotel,66
billie holiday,66
van halen,66
luca turilli,66
t. rex,66
john lennon,66
pet shop boys,66
amaral,66
(hed) planet earth,66
tiamat,66
mia.,66
"emerson, lake & palmer",66
the acacia strain,66
the zombies,66
az,66
f.i.r.,66
theory of a deadman,65
anorexia nervosa,65
see-saw,65
camera obscura,65
luciano ligabue,65
vibrasphere,65
d.r.i.,65
tahiti 80,65
the unseen,65
boyz ii men,65
van der graaf generator,65
pain,65
psycroptic,65
ulver,65
osi,65
buju banton,65
vital remains,65
shiro sagisu,65
matanza,65
django reinhardt,65
knuckledust,65
cro-mags,65
lupe fiasco,65
melotron,65
the band apart,65
simple minds,64
uncle tupelo,64
the 69 eyes,64
novembre,64
manchester orchestra,64
kid cudi,64
sergei rachmaninoff,64
goethes erben,64
dozer,64
johann sebastian bach,64
noize mc,64
the allman brothers band,64
afx,64
"royce da 5'9""",64
helios,64
keri hilson,64
staind,64
masterplan,64
kettel,64
toni braxton,64
sondaschule,64
stone sour,64
rage,63
dope,63
good clean fun,63
atrium carceri,63
macabre,63
carter burwell,63
augustus pablo,63
mos def,63
trey songz,63
jack's mannequin,63
pink,63
slowdive,63
ayabie,63
lumen,63
ben harper,63
my morning jacket,63
pogodno,63
a-ha,63
cephalic carnage,63
los amigos invisibles,63
from autumn to ashes,63
leaves eyes,63
the bled,63
crowded house,63
aiden,62
arcturus,62
nuclear assault,62
blondie,62
p!nk,62
blitzkid,62
the band,62
thousand foot krutch,62
jamie t,62
stream of passion,62
b.b. king,62
timbuktu,62
flowing tears,62
bal-sagoth,62
astor piazzolla,62
sunny day real estate,62
inkubus sukkubus,62
nelly,62
jacks mannequin,62
7l & esoteric,62
cam'ron,61
black sun empire,61
ohrbooten,61
steve earle,61
saigon,61
nightmares on wax,61
batmobile,61
wilco,61
poisonblack,61
botch,61
jet,61
the hold steady,61
deathspell omega,61
pedro the lion,61
negative,61
alison krauss & union station,61
deine lakaien,61
the toasters,61
louis armstrong,61
mike oldfield,61
fuel,61
aimee mann,61
spitalfield,61
oscar peterson,61
apathy,60
thursday,60
alphaville,60
serge gainsbourg,60
indios bravos,60
sevendust,60
spock's beard,60
marvin gaye,60
the damned,60
alexisonfire,60
life long tragedy,60
celtic frost,60
enduser,60
dead prez,60
raunchy,60
the wombats,60
laakso,60
solange,60
lasgo,60
absolute beginner,60
sentenced,60
caravan,60
the duskfall,59
tenhi,59
saturnus,59
lamb of god,59
voodoo glow skulls,59
anna tsuchiya,59
10 years,59
machine head,59
sarah mclachlan,59
soulfly,59
misfits,59
lil' wayne,59
common rider,59
chick corea,59
otis redding,59
dokken,59
scarface,59
clark,59
limbeck,59
jeremy soule,59
terrorgruppe,59
julieta venegas,59
pelican,59
daughters,59
much the same,59
entheogenic,59
kids like us,59
the living end,59
camron,59
alborosie,58
mewithoutyou,58
johannes brahms,58
spazz,58
krec,58
eins zwo,58
tears for fears,58
eyehategod,58
mystery jets,58
glassjaw,58
brujeria,58
los campesinos!,58
charon,58
firewind,58
dispatch,58
haggard,58
pierce the veil,58
jazztronik,58
fragma,58
telefon tel aviv,58
roxette,57
rainbow,57
miles davis,57
the honorary title,57
windir,57
just surrender,57
hate eternal,57
the lucksmiths,57
emilie autumn,57
7seconds,57
god is an astronaut,57
bon jovi,57
brian mcknight,57
hoods,57
gary numan,57
off with their heads,57
devildriver,57
einherjer,57
lapko,57
dragonland,57
unter null,57
kombajn do zbierania kur po wioskach,57
ian van dahl,57
richie kotzen,57
erasure,57
nonpoint,57
juanes,57
acid house kings,57
saliva,57
amon amarth,57
joe satriani,56
orchestral manoeuvres in the dark,56
jerry goldsmith,56
an albatross,56
diana krall,56
duran duran,56
absurd minds,56
camille,56
al green,56
james brown,56
j.j. cale,56
36 crazyfists,56
thin lizzy,56
cinema bizarre,56
blankey jet city,56
girlicious,56
tim maia,56
vienna teng,56
reincidentes,56
lenine,56
azad,56
soil,56
de la soul,56
1200 micrograms,56
origin,56
arsonists get all the girls,56
owen,56
65daysofstatic,56
maylene and the sons of disaster,56
non phixion,55
hans zimmer & james newton howard,55
zz top,55
lacrimas profundere,55
demented are go!,55
uriah heep,55
no-man,55
angus & julia stone,55
dagoba,55
patricio rey y sus redonditos de ricota,55
santana,55
rudimentary peni,55
donovan,55
mustard plug,55
tosca,55
lucero,55
baustelle,55
desmond dekker,55
john zorn,55
battlelore,55
dj quik,55
girugamesh,55
three days grace,55
mercyme,55
destinys child,55
project 86,54
fotos,54
tom petty and the heartbreakers,54
eiffel 65,54
wolfsheim,54
give up the ghost,54
calabrese,54
fear factory,54
katy perry,54
whiskeytown,54
stevie ray vaughan and double trouble,54
through the eyes of the dead,54
twiztid,54
eagles,54
hallucinogen,54
pharrell,54
taproot,54
pure reason revolution,54
o.a.r.,54
amethystium,54
paul simon,54
fish,54
dirty pretty things,54
lynyrd skynyrd,54
american football,54
godspeed you! black emperor,54
l.u.c,54
alien sex fiend,54
ray charles,54
matchbox twenty,54
alison krauss,54
vangelis,54
deluxe,53
psyclon nine,53
twisted sister,53
12 stones,53
evans blue,53
chicago,53
tryo,53
no turning back,53
joni mitchell,53
carla bruni,53
richard wagner,53
alan jackson,53
gigi dagostino,53
the residents,53
the beach boys,53
therion,53
primal scream,53
the rasmus,53
broder daniel,53
blackmail,53
kaija koo,53
+44,53
unleashed,53
shout out louds,53
fucked up,52
the moody blues,52
klute,52
insect warfare,52
faith and the muse,52
steely dan,52
era,52
kelly rowland,52
manilla road,52
stevie wonder,52
the microphones,52
bee gees,52
elton john,52
the byrds,52
nat king cole,52
dc talk,52
count basie,52
tobymac,52
sixx:a.m.,52
axxis,52
disney,52
demon hunter,52
iron maiden,52
astrud gilberto,52
boys night out,52
deerhunter,51
quantic,51
dar williams,51
the birthday massacre,51
mono,51
mushroomhead,51
colour haze,51
method man & redman,51
john murphy,51
jonathan larson,51
hawk nelson,51
mr. bungle,51
minus the bear,51
moneybrother,51
kat deluna,51
eric clapton,51
captain beefheart & his magic band,51
sly & the family stone,51
mastodon,51
can,51
sandra,51
dolphin,51
borknagar,51
mortal love,51
de-phazz,51
yellowcard,51
peterlicht,51
sparks,51
trans-siberian orchestra,51
cat stevens,51
the pharcyde,51
a silver mt. zion,51
stevie ray vaughan,51
malevolent creation,51
franz schubert,50
indigo girls,50
dark moor,50
crowbar,50
glay,50
steve vai,50
klee,50
none more black,50
the birthday party,50
duman,50
against all authority,50
keep of kalessin,50
jewel,50
michelle branch,50
for the fallen dreams,50
puddle of mudd,50
svenska akademien,50
george michael,50
beseech,50
high on fire,50
brutal truth,50
grave,50
dio,50
david arnold,50
jennifer rostock,50
damien jurado,50
the receiving end of sirens,50
tokyo police club,50
killswitch engage,50
paradise lost,50
cannonball adderley,50
slightly stoopid,50
dave gahan,50
dj dean,50
shakira,50
syd barrett,50
nocturnal rites,50
311,50
late of the pier,50
as tall as lions,49
caifanes,49
drowning pool,49
jazmine sullivan,49
earth,49
looptroop,49
jesu,49
powderfinger,49
die fantastischen vier,49
yellow magic orchestra,49
dave matthews band,49
chrisette michele,49
stella,49
joss stone,49
sugarland,49
johnossi,49
rihanna,49
funkadelic,49
vision divine,49
loreena mckennitt,49
charlie brown jr.,49
aiko,49
billy bragg,49
turbostaat,49
incognito,49
killwhitneydead,49
cornelis vreeswijk,49
collie buddz,49
misery index,49
beth orton,49
hammock,49
red,49
apparat,48
george harrison,48
timo rautiainen & trio niskalaukaus,48
hellogoodbye,48
smog,48
primal fear,48
alan silvestri,48
ott,48
neal morse,48
spineshank,48
john barry,48
jay dee,48
dj bobo,48
skyclad,48
mitsumune shinkichi,48
the pigeon detectives,48
the blue hearts,48
phish,48
cradle of filth,48
willie nelson,48
gatsbys american dream,48
aqua,48
bonobo,48
liquid tension experiment,48
midtown,48
proem,48
the brian setzer orchestra,48
muchy,48
g. love & special sauce,48
meshuggah,48
e-rotic,48
the queers,48
diablo,48
dry kill logic,48
die sterne,48
novembers doom,48
james taylor,47
the monkees,47
the human league,47
fergie,47
townes van zandt,47
poison idea,47
panda bear,47
carry on,47
five finger death punch,47
habakuk,47
rocky votolato,47
at vance,47
pestilence,47
lustmord,47
prince,47
jessica simpson,47
the libertines,47
david gray,47
the herbaliser,47
cranes,47
koffin kats,47
scorpions,47
bowling for soup,47
the brilliant green,47
van morrison,47
maija vilkkumaa,47
the creepshow,47
ol dirty bastard,47
move,47
chris cornell,46
savage garden,46
suidakra,46
gomez,46
emilie simon,46
backstreet boys,46
zebrahead,46
the faceless,46
the world/inferno friendship society,46
firehouse,46
shearwater,46
suede,46
death angel,46
barry white,46
caparezza,46
the wedding present,46
samael,46
astrix,46
blockhead,46
igor stravinsky,46
caesars,46
jazzanova,46
sex gang children,46
patrick doyle,46
fresno,46
falling up,46
parov stelar,46
gong,46
the aquabats!,46
mcfly,46
sheryl crow,46
"lee ""scratch"" perry",46
hall & oates,46
ektomorf,45
further seems forever,45
state radio,45
ligeia,45
old crow medicine show,45
club 8,45
le tigre,45
bluetech,45
hole,45
tindersticks,45
buddy holly,45
lambchop,45
the corrs,45
wintersun,45
lady pank,45
roxy music,45
built to spill,45
cowboy junkies,45
steve hackett,45
fiddler's green,45
sidonie,45
arena,45
sam cooke,45
red house painters,45
mell,45
7 seconds,45
lake of tears,45
jorn,45
stan getz,45
curtis mayfield,45
julie london,45
bersuit vergarabat,45
this will destroy you,44
dj cam,44
melt-banana,44
oingo boingo,44
grateful dead,44
the who,44
dario marianelli,44
freetempo,44
hank williams,44
circus maximus,44
"medeski, martin and wood",44
my bloody valentine,44
rise against,44
decrepit birth,44
liz phair,44
paris hilton,44
styx,44
cathedral,44
as cities burn,44
tarkan,44
secret garden,44
spocks beard,44
stigmata,44
smile empty soul,44
tom petty,44
sezen aksu,44
deep forest,44
sarah vaughan,44
love and rockets,44
promoe,44
the hollies,44
miles away,43
supergrass,43
belanova,43
edvard grieg,43
josh groban,43
guided by voices,43
at the gates,43
n.w.a,43
jacques brel,43
good charlotte,43
maeckes und plan b,43
switchblade symphony,43
sebadoh,43
stiff little fingers,43
angie stone,43
it dies today,43
gbh,43
saint etienne,43
the stone roses,43
the jam,43
madeleine peyroux,43
warrant,43
superchic[k],43
bob hund,43
timbaland,43
the avalanches,42
the black dog,42
eddie vedder,42
the cinematic orchestra,42
craig armstrong,42
mouse on mars,42
guster,42
the distillers,42
portugal. the man,42
missy higgins,42
hinder,42
rory gallagher,42
brian wilson,42
eurythmics,42
murderdolls,42
frank the baptist,42
neil perry,42
buckcherry,42
subhumans,42
devourment,42
septic flesh,42
monica,42
freundeskreis,42
scientist,42
sylvain chauveau,42
angels & airwaves,42
brooks & dunn,42
lifehouse,42
acid bath,42
the jayhawks,42
fleetwood mac,42
nokturnal mortum,42
okkervil river,42
marsimoto,42
eazy-e,42
funeral diner,42
slime,41
fila brazillia,41
goo goo dolls,41
absurd,41
onerepublic,41
dj krush,41
brian tyler,41
traveling wilburys,41
p.o.d.,41
the foreign exchange,41
barricada,41
marek grechuta,41
mia,41
planlos,41
arovane,41
los tres,41
pulp,41
jaylib,41
royal hunt,41
16 horsepower,41
disturbed,41
the fray,41
paul weller,41
fictionjunction yuuka,41
gavin degraw,41
elvis costello & the attractions,41
benga,41
amatory,41
the flatliners,41
blind melon,41
arch enemy,41
slayer,41
the ataris,41
buddy guy,41
bobby valentino,41
thrice,41
toto,41
frank klepacki,41
asura,41
peaches,41
dave matthews & tim reynolds,41
bass sultan hengzt,40
skitsystem,40
sia,40
heavenly,40
joint venture,40
doping panda,40
"earth, wind & fire",40
teoman,40
the exies,40
ian brown,40
the seatbelts,40
set your goals,40
jarabe de palo,40
the dismemberment plan,40
aphex twin,40
paul mccartney & wings,40
simian mobile disco,40
sleater-kinney,40
fairport convention,40
mnemic,40
green carnation,40
glenn miller,40
el canto del loco,40
headhunterz,40
tracy chapman,40
son volt,40
wednesday 13,40
do make say think,40
sugarcult,39
*nsync,39
the new amsterdams,39
leann rimes,39
novos baianos,39
hyde,39
art of noise,39
celph titled,39
hitomi,39
asia,39
dinah washington,39
kittie,39
the last shadow puppets,39
the fall,39
original broadway cast,39
rasputina,39
edge of sanity,39
pepper,39
trustcompany,39
mr. scruff,39
jefferson airplane,39
the charlatans,39
sylvan,39
matisyahu,39
baroness,39
abakus,39
after the burial,39
modena city ramblers,39
oh no,38
animal collective,38
the verve,38
sergei prokofiev,38
knochenfabrik,38
mazzy star,38
dead can dance,38
ozzy osbourne,38
mudhoney,38
petra,38
super furry animals,38
primus,38
primordial,38
explosions in the sky,38
basil poledouris,38
rapture,38
frantic flintstones,38
soundgarden,38
shape of despair,38
spiritualized,38
east west rockers,38
barenaked ladies,38
darren hayes,38
stone temple pilots,38
the pogues,38
los cafres,38
velvet revolver,38
dinosaur jr.,38
lovex,38
celldweller,38
sublime,38
the temptations,38
jens lekman,38
phil wickham,37
joshua radin,37
pinhani,37
"crosby, stills, nash & young",37
ray lamontagne,37
counting crows,37
rei harakami,37
dolly parton,37
adolescents,37
lisa loeb,37
clazziquai project,37
bigwig,37
lareine,37
songs: ohia,37
b'z,37
a.c.t,37
simple plan,37
uniklubi,37
martina mcbride,37
joe bonamassa,37
nightwish,37
caspian,37
eskimo joe,37
booka shade,37
guns up!,37
amorphis,37
negative approach,37
hanson,37
the clientele,37
sara bareilles,37
deerhoof,37
simon & garfunkel,37
fiddlers green,37
showtek,37
backyard babies,37
centr,37
minutemen,37
kitaro,37
chase & status,37
great lake swimmers,37
gregorian,37
les cowboys fringants,37
richard thompson,37
extreme,37
king tubby,37
mental,37
murcof,36
dear and the headlights,36
la polla records,36
pat metheny group,36
...but alive,36
anthony green,36
daddy yankee,36
good shoes,36
estopa,36
sophie zelmani,36
dreamtale,36
braid,36
elvis costello,36
the album leaf,36
clannad,36
the view,36
soundtemp,36
cruel hand,36
hoobastank,36
ultravox,36
gigi d'agostino,36
reba mcentire,36
sun kil moon,36
godsmack,36
delerium,36
steven wilson,36
dangelo,36
low,36
monolake,36
republika,36
faith hill,36
the kristet utseende,36
red sparowes,36
the butterfly effect,36
o rappa,36
pagan's mind,36
asobi seksu,36
family force 5,36
iron savior,36
jane air,36
emmylou harris,36
bedouin soundclash,35
deathgaze,35
story of the year,35
q-tip,35
sagopa kajmer,35
boredoms,35
kate rusby,35
destroyer,35
neil diamond,35
fuck...i'm dead,35
pete rock,35
bizzy montana,35
elisa,35
children of bodom,35
great big sea,35
panic at the disco,35
some girls,35
polar bear club,35
bonnie 'prince' billy,35
secret chiefs 3,35
old 97s,35
no te va gustar,35
george winston,35
the jimi hendrix experience,35
andromeda,35
cyndi lauper,35
melissa etheridge,35
molesta,34
magnolia electric co.,34
skalpel,34
anathallo,34
anthony hamilton,34
justice,34
cap'n jazz,34
sanctus real,34
bones brigade,34
megadeth,34
takida,34
benny goodman,34
alice in chains,34
alexandre desplat,34
leatherface,34
m. ward,34
the dear hunter,34
the good life,34
skank,34
5nizza,34
flying lotus,34
canibus,34
mirah,34
heather nova,34
isaac hayes,34
tilly and the wall,34
modeselektor,34
klaxons,34
dzihan & kamien,34
they might be giants,34
franz joseph haydn,34
louise attaque,34
citizen cope,33
candlemass,33
vintersorg,33
jan hegenberg,33
5'nizza,33
the all-american rejects,33
breathe carolina,33
ra,33
manic street preachers,33
the walkmen,33
the field mice,33
warcry,33
daniel landa,33
flaw,33
gojira,33
ride,33
kid loco,33
tomahawk,33
the red jumpsuit apparatus,33
black moth super rainbow,33
gisbert zu knyphausen,33
lasse lindh,33
sarah brightman,33
the coral,33
no age,33
busted,33
clipse,33
st. germain,33
fugazi,33
grails,33
the donnas,33
oi va voi,33
beach house,33
richard ashcroft,33
cog,33
justin timberlake,33
panda,33
liars,33
blindside,33
kula shaker,32
nicholas hooper,32
acda en de munnik,32
the tragically hip,32
sum 41,32
aerosmith,32
grzegorz turnau,32
beat happening,32
blaqk audio,32
distemper,32
teenage bottlerocket,32
miss li,32
augustana,32
ira,32
dead fish,32
ltj bukem,32
jeromes dream,32
the promise ring,32
jay-jay johanson,32
atreyu,32
roadrunner united,32
capcom sound team,32
renaud,32
paolo nutini,32
pat metheny,32
matt pond pa,32
wolfmother,32
matthew good band,32
bear vs. shark,32
kaizers orchestra,32
kruder & dorfmeister,32
box car racer,32
the sound of animals fighting,32
ennio morricone,32
gregor samsa,32
john legend,32
pretty boy floyd,32
warren zevon,32
alejandro sanz,32
zeromancer,32
the kinks,31
nintendo,31
ana carolina,31
dropkick murphys,31
silver jews,31
koop,31
ricardo arjona,31
digital summer,31
folkearth,31
jonathan coulton,31
giuseppe verdi,31
topmodelz,31
gregory isaacs,31
digitalism,31
voxtrot,31
jean michel jarre,31
the replacements,31
gustav mahler,31
moloko,31
merle haggard,31
jean-michel jarre,31
the used,31
saratoga,31
pretty girls make graves,31
moneen,31
adele,31
bo kaspers orkester,31
jane's addiction,31
hot cross,31
laleh,31
barrington levy,31
dj food,31
sleipnir,31
#####,31
sun ra,31
james,31
jack off jill,31
drake,31
mark kozelek,31
felix mendelssohn,31
bikini kill,31
emiliana torrini,30
the be good tanyas,30
billy idol,30
spor,30
city and colour,30
bent,30
hybrid,30
ocean colour scene,30
christian kjellvander,30
america,30
les savy fav,30
the germs,30
corinne bailey rae,30
the presidents of the united states of america,30
cirque du soleil,30
bush,30
cloud cult,30
third eye blind,30
bobby darin,30
our lady peace,30
culcha candela,30
fall out boy,30
mando diao,30
audio adrenaline,30
calexico,30
this bike is a pipe bomb,30
cher,30
fountains of wayne,30
element eighty,30
akira yamaoka,30
pavement,30
sleep,30
shadows fall,30
dai,30
pillar,30
biffy clyro,30
pitty,30
the futureheads,30
calle 13,30
the weepies,30
forgive durden,30
otep,30
miranda lambert,30
the loved ones,30
choking victim,30
king orgasmus one,29
piano magic,29
michael franti & spearhead,29
gillian welch,29
kathleen edwards,29
the brian jonestown massacre,29
kt tunstall,29
richard buckner,29
wire,29
the wohlstandskinder,29
konami,29
ochre,29
ok go,29
new order,29
shellac,29
soul coughing,29
samiam,29
bing crosby,29
marit bergman,29
brett anderson,29
mario,29
ben folds five,29
q and not u,29
broadcast,29
fireflight,29
mstrkrft,29
paul kalkbrenner,29
faith no more,29
career suicide,29
amon tobin,29
arthur rubinstein,29
cut copy,29
collective soul,29
franz liszt,29
murs,29
rebecca st. james,29
los piojos,28
ordo rosarius equilibrio,28
the isley brothers,28
luke vibert,28
parliament,28
leng tche,28
donna summer,28
naked city,28
opgezwolle,28
jackson browne,28
vanessa-mae,28
the gossip,28
the whitlams,28
soft cell,28
annie lennox,28
the click five,28
gazpacho,28
bwo,28
judy and mary,28
raphael saadiq,28
mount eerie,28
andy mckee,28
amos lee,28
amanda palmer,28
chris clark,28
kill hannah,28
asa,28
dwele,28
roy orbison,28
stereolab,28
avril lavigne,28
opeth,28
jason mraz,28
flogging molly,28
satanic warmaster,28
deep purple,28
superchunk,28
conjure one,28
ben lee,28
the jesus and mary chain,28
solefald,28
"10,000 maniacs",28
georges brassens,28
mike doughty,28
jamie cullum,28
bong-ra,28
josh pyke,28
gary moore,28
chambao,28
kraftwerk,27
peggy lee,27
peter doherty,27
matt nathanson,27
nacho vegas,27
virgin black,27
over the rhine,27
les ogres de barback,27
maria peszek,27
milburn,27
black milk,27
chara,27
eve 6,27
jan a.p. kaczmarek,27
tony bennett,27
paul gilbert,27
ween,27
sepultura,27
hladno pivo,27
centro-matic,27
rod stewart,27
nujabes,27
boys noize,27
matthew good,27
the weakerthans,27
razorlight,27
funki porcini,27
blut aus nord,27
sade,27
acoustic alchemy,27
michael nyman,27
the ocean,27
frank sinatra,27
younger brother,27
eric serra,27
ost,27
volxsturm,27
sunset rubdown,27
frank zappa,27
howie day,27
chromeo,27
idlewild,27
mest,27
smash mouth,27
dave matthews,27
tricky,27
lumsk,27
mark lanegan,27
queen adreena,27
the black mages,27
virginia jetzt!,27
amber pacific,27
the apples in stereo,26
the mountain goats,26
akb48,26
the samuel jackson five,26
tracktor bowling,26
feeder,26
mano negra,26
archive,26
flunk,26
kristian anttila,26
luis miguel,26
mogwai,26
sun city girls,26
gym class heroes,26
steve reich,26
aterciopelados,26
private line,26
the wallflowers,26
nosowska,26
strapping young lad,26
all,26
stereophonics,26
deadsoul tribe,26
the dresden dolls,26
sr-71,26
thievery corporation,26
angelspit,26
freak kitchen,26
electrelane,26
american hi-fi,26
jimi hendrix,26
ellen allien,26
cazuza,26
sneaker pimps,26
dargaard,26
take that,26
elend,26
lucybell,26
lamb,26
tower of power,26
peja,26
the lillingtons,26
m.o.v.e,26
moe.,26
vanden plas,26
indochine,26
dj sharpnel,26
silverchair,26
arcana,25
sound tribe sector 9,25
zeca baleiro,25
blood red shoes,25
goldmund,25
mclusky,25
the breeders,25
the o.c. supertones,25
tiziano ferro,25
grinspoon,25
the red chord,25
ben folds,25
coal chamber,25
rilo kiley,25
everclear,25
ringo starr,25
oceansize,25
rufio,25
prefuse 73,25
slipknot,25
chumbawamba,25
"""weird al"" yankovic",25
at the drive-in,25
hanzel und gretyl,25
albert king,25
the presets,25
black uhuru,25
daedelus,25
luther vandross,25
russian circles,25
waylon jennings,25
better than ezra,25
be your own pet,25
iamx,25
bola,25
maximum the hormone,25
to/die/for,25
la vela puerca,25
hopesfall,25
joan of arc,25
umphreys mcgee,25
elephant man,25
the yardbirds,25
ladyhawke,25
high school musical,25
balmorhea,25
the tea party,24
doves,24
fisz,24
the divine comedy,24
papa roach,24
konami kukeiha club,24
die kassierer,24
dwight yoakam,24
tori amos,24
verdena,24
blue scholars,24
dean martin,24
a fine frenzy,24
five for fighting,24
american head charge,24
blackmore's night,24
unkle,24
anouk,24
kiuas,24
rob zombie,24
ajattara,24
elastinen,24
brazzaville,24
david arkenstone,24
laura pausini,24
athlete,24
orgy,24
hadouken!,24
the fratellis,24
chris botti,24
the dodos,24
black rebel motorcycle club,24
the go-betweens,24
trollfest,24
powerman 5000,24
the simpsons,24
the toy dolls,24
she,24
machinae supremacy,24
veronica maggio,24
blink-182,24
the crystal method,24
o.n.a.,24
why?,24
boston,24
graham coxon,23
anja garbarek,23
hooverphonic,23
felt,23
mineral,23
maria mena,23
gram parsons,23
sloan,23
rachael yamagata,23
lloyd,23
gatsby's american dream,23
nothingface,23
aim,23
electric universe,23
frou frou,23
mates of state,23
isan,23
lenny kravitz,23
we are scientists,23
moondog,23
raappana,23
cordel do fogo encantado,23
live,23
magnus uggla,23
boozoo bajou,23
maybeshewill,23
disciple,23
screaming trees,23
murray gold,23
westlife,23
archers of loaf,23
the b-52's,23
nickelback,23
japan,23
peter broderick,23
alina orlova,23
poets of the fall,23
pinback,22
akron/family,22
camouflage,22
nautilus pompilius,22
don omar,22
fobia,22
the black crowes,22
elsiane,22
lemon demon,22
levellers,22
umphrey's mcgee,22
mustasch,22
blue,22
tortoise,22
big star,22
dionysos,22
him,22
enya,22
red snapper,22
3 doors down,22
pantera,22
jaga jazzist,22
francis cabrel,22
the real mckenzies,22
the felice brothers,22
someone still loves you boris yeltsin,22
lemongrass,22
suis la lune,22
shulman,22
lars frederiksen and the bastards,22
black label society,22
abc,22
gothminister,22
pendulum,22
asian dub foundation,22
patti smith,22
art brut,22
i would set myself on fire for you,22
al di meola,22
john mayer,22
madrugada,22
ingrid michaelson,22
ash,22
eisley,22
richie spice,22
azra,22
2 minutos,22
the soundtrack of our lives,22
uk subs,22
troopers,22
lush,22
skepticism,21
seal,21
dierks bentley,21
sean price,21
au revoir simone,21
sigh,21
astrud,21
bang gang,21
butthole surfers,21
embrace,21
kosheen,21
chuck ragan,21
bryan ferry,21
nina simone,21
mad season,21
calibre,21
eric johnson,21
aya hirano,21
kristin hersh,21
mission of burma,21
coldcut,21
the american analog set,21
finch,21
bigbang,21
neil young,21
cake,21
lostprophets,21
kenny g,21
donavon frankenreiter,21
cheek,21
toe,20
limp bizkit,20
gov't mule,20
devin townsend,20
karunesh,20
catherine wheel,20
i am robot and proud,20
of the wand and the moon,20
scissor sisters,20
familjen,20
smolik,20
faust,20
lovage,20
casiotone for the painfully alone,20
nelly furtado,20
little man tate,20
richie hawtin,20
beulah,20
menomena,20
rosetta,20
newton faulkner,20
dance of days,20
der dicke polizist,20
t.a.t.u.,20
monty python,20
gary allan,20
sunn o))),20
nationalteatern,20
the books,20
de lyckliga kompisarna,20
keren ann,20
hot snakes,20
dead to me,20
she & him,20
iam,20
dornenreich,20
bruce springsteen,20
lyle lovett,20
the feeling,20
abba,20
the script,20
vinicio capossela,19
yo la tengo,19
pleymo,19
galneryus,19
dead poetic,19
pyhimys,19
martina topley-bird,19
midnight juggernauts,19
creedence clearwater revival,19
kylesa,19
fiona apple,19
johnny winter,19
mat kearney,19
vast,19
old man gloom,19
the dead milkmen,19
elbow,19
40 below summer,19
yazoo,19
superbus,19
jerry cantrell,19
the magnetic fields,19
don caballero,19
plain white ts,19
yanni,19
elektryczne gitary,19
the subways,19
atlas sound,19
the pains of being pure at heart,19
mansun,19
rogue wave,19
crash test dummies,19
a change of pace,19
boom boom kid,19
hefner,19
goldfrapp,19
matt costa,19
gang of four,19
neutral milk hotel,19
francesco de gregori,19
mo horizons,18
fourplay,18
mc solaar,18
tommy emmanuel,18
the unicorns,18
the dubliners,18
alanis morissette,18
today is the day,18
ricardo villalobos,18
bad sector,18
loscil,18
charta 77,18
nakagawa koutarou,18
wale,18
victor & leo,18
mika,18
the hellacopters,18
grand funk railroad,18
mr. oizo,18
estradasphere,18
my ruin,18
sarah blasko,18
gridlock,18
josh rouse,18
gloria,18
bonnie prince billy,18
kisschasy,18
frank turner,18
the jesus lizard,18
veruca salt,18
george benson,18
lady sovereign,18
milton nascimento,18
morcheeba,18
fightstar,18
dia psalma,18
hecq,18
jem,18
sahara hotnights,18
the string cheese incident,18
pati yang,18
jon kennedy,18
kashmir,18
mark knopfler,18
curve,18
leviathan,18
kanye west,18
hawksley workman,18
free,18
frank black,18
santogold,18
daniel powter,18
j. holiday,18
blu & exile,18
ska-p,17
bebe,17
throwing muses,17
hande yener,17
lykke li,17
bishop allen,17
debout sur le zinc,17
siniestro total,17
jeru the damaja,17
beenie man,17
ub40,17
no doubt,17
hayko cepkin,17
the cooper temple clause,17
cassie,17
lisa ekdahl,17
chris rea,17
steen1,17
attaque 77,17
wolf parade,17
harvey danger,17
burial,17
the mr. t experience,17
spiritual front,17
wax tailor,17
donny hathaway,17
allister,17
ismael serrano,17
blur,17
vitalic,17
brett dennen,17
sugarplum fairy,17
natiruts,17
john scofield,17
the b-52s,17
big black,17
e.s. posthumus,17
kimya dawson,17
djordje balasevic,17
xavier rudd,17
the music,17
imogen heap,17
azure ray,17
kind of like spitting,17
lisa gerrard,17
siddharta,17
soldiers of jah army,17
alva noto,17
the copyrights,17
guf,17
pitbull,16
key,16
buono!,16
gregory and the hawk,16
lucio battisti,16
gibonni,16
suburban kids with biblical names,16
black eyed peas,16
standstill,16
elle milano,16
dj shadow,16
martin odonnell & michael salvatori,16
vertical horizon,16
architecture in helsinki,16
stars,16
cachorro grande,16
the cool kids,16
caedmons call,16
imperiet,16
vybz kartel,16
maritime,16
ellen allien & apparat,16
clem snide,16
amy macdonald,16
street dogs,16
old 97's,16
bill withers,16
the polyphonic spree,16
ua,16
ziggy marley,16
bad company,16
4hero,16
john hiatt,16
keiko matsui,16
bloodsimple,16
trembling blue stars,16
ted leo and the pharmacists,16
soziedad alkoholika,16
george jones,16
fink,16
talking heads,16
thomas dybdahl,16
the ting tings,16
banco de gaia,16
the tossers,16
peste noire,16
spinvis,16
melody club,16
peeping tom,16
dire straits,16
sparklehorse,16
meat puppets,16
fishmans,15
nando reis,15
origa,15
the rifles,15
swervedriver,15
the american dollar,15
pink martini,15
faithless,15
falcom sound team jdk,15
randy newman,15
the blow,15
berri txarrak,15
spoon,15
devo,15
the vines,15
gipsy kings,15
aereogramme,15
paramore,15
black lips,15
dream,15
dirty projectors,15
boards of canada,15
juliana hatfield,15
i am kloot,15
king's x,15
sting,15
clockwork times,15
buzzcocks,15
patty griffin,15
noisia,15
motorpsycho,15
russian red,15
scarling.,15
the beautiful girls,15
smoke or fire,15
qntal,15
jeff beck,15
aaron,15
gogol bordello,15
the derek trucks band,15
benassi bros.,15
afterlife,15
jimmy eat world,15
alkaline trio,15
fischerspooner,15
alice in videoland,15
billy's band,15
television personalities,15
ulf lundell,15
kaiser chiefs,15
felix da housecat,15
islands,15
rachel's,15
the raveonettes,14
his name is alive,14
mike patton,14
xtc,14
w,14
excrementory grindfuckers,14
train,14
the stooges,14
beherit,14
kate nash,14
starsailor,14
matt wertz,14
wipers,14
garbage,14
ariel pink's haunted graffiti,14
vega,14
xiu xiu,14
minus 8,14
adiemus,14
the horrors,14
"royce da 59""",14
gilberto gil,14
ramones,14
the rolling stones,14
woven hand,14
pete philly & perquisite,14
kasabian,14
library tapes,14
jovanotti,14
nena daconte,14
benjamin biolay,14
four tet,14
danko jones,14
boyzone,14
feist,14
alice russell,14
arab strap,14
brainstorm,14
ludov,14
kelly bailey,14
madina lake,14
pearl jam,14
waldeck,14
outkast,14
the dead texan,14
doktor kosmos,14
my chemical romance,14
richard hawley,14
marcus miller,13
arctic monkeys,13
wisin & yandel,13
the dandy warhols,13
ahmet kaya,13
ol' dirty bastard,13
steel pulse,13
sex pistols,13
slot,13
hard-fi,13
wisp,13
arnaldo antunes,13
calvin harris,13
...and you will know us by the trail of dead,13
buckethead,13
something for kate,13
turin brakes,13
her space holiday,13
caedmon's call,13
navid modiri & gudarna,13
dirty three,13
bif naked,13
michiru yamane,13
say hi to your mom,13
freescha,13
amadou & mariam,13
count bass d,13
brandi carlile,13
7000$,13
david guetta,13
govt mule,13
creed,13
sopor aeternus,13
filter,13
el otro yo,13
the advantage,13
guns n roses,13
black sabbath,13
sam roberts,13
sofa surfers,13
pagans mind,13
rainer maria,13
axel rudi pell,13
babes in toyland,13
capn jazz,13
this mortal coil,13
snook,12
guns n' roses,12
fm static,12
evermore,12
mondo grosso,12
jay reatard,12
ed harcourt,12
frog eyes,12
depeche mode,12
kurban,12
ilkae,12
hans zimmer and james newton howard,12
l7,12
de jeugd van tegenwoordig,12
jaco pastorius,12
vanguart,12
rob thomas,12
augie march,12
metric,12
juliette and the licks,12
editors,12
billy talent,12
sonic youth,12
daughtry,12
miss kittin,12
afasi & filthy,12
iii,12
sandy denny,12
toots and the maytals,12
evol intent,12
clawfinger,12
robbie williams,12
sakura,12
junior kelly,12
capital inicial,12
halou,12
air traffic,12
junior boys,12
sleepytime gorilla museum,12
ghostface killah,12
metronomy,12
goran bregovic,12
m.i.a.,12
andrea bocelli,12
eros ramazzotti,12
death in vegas,12
massive attack,12
the black heart procession,12
les wriggles,12
john barrowman,12
tiga,12
scars on broadway,12
uh huh her,12
the brand new heavies,12
gil scott-heron,11
anastacia,11
nathan fake,11
the stranglers,11
melendi,11
organism 12,11
unwound,11
the supremes,11
nomeansno,11
john vanderslice,11
dover,11
infernal war,11
plastilina mosh,11
zero 7,11
the durutti column,11
badly drawn boy,11
crvena jabuka,11
jokke & valentinerne,11
ricky martin,11
concord dawn,11
sixx am,11
kate bush,11
room eleven,11
gyroscope,11
bob dylan,11
lordi,11
andrew bird,11
malajube,11
shantel,11
emily haines & the soft skeleton,11
dusty springfield,11
messer chups,11
vesania,11
maria taylor,11
everything but the girl,11
quietdrive,11
casino versus japan,11
toad the wet sprocket,11
dub incorporation,11
pete murray,11
the young knives,11
heikki kuula,11
nicola conte,11
tegan and sara,11
iggy pop,11
man man,11
aloha,11
kaki king,11
skindred,11
the new pornographers,11
janis joplin,11
frenzal rhomb,11
f.p.g.,10
graveland,10
fintelligens,10
khoiba,10
alain bashung,10
polemic,10
the bird and the bee,10
friendly fires,10
karel kryl,10
gondwana,10
fernando delgadillo,10
audioslave,10
dog fashion disco,10
six pack,10
weezer,10
veto,10
kings x,10
blonde redhead,10
the teenagers,10
reik,10
orbital,10
fennesz,10
derek and the dominos,10
envy on the coast,10
ojos de brujo,10
avalanch,10
ten years after,10
future of the left,10
the dining rooms,10
bob marley,10
avenged sevenfold,10
fleet foxes,10
cats on fire,10
matthew dear,10
francesco guccini,10
little birdy,10
teenage fanclub,10
grandaddy,10
tata bojs,10
reuben,10
margot & the nuclear so and sos,10
spangle call lilli line,10
simply red,10
shaila,9
dave koz,9
gui boratto,9
kultiration,9
ariel pinks haunted graffiti,9
izrael,9
rjd2,9
groove armada,9
saez,9
lightning bolt,9
bright eyes,9
kotaro nakagawa,9
new young pony club,9
british sea power,9
tub ring,9
old mans child,9
orphaned land,9
secede,9
r.e.m.,9
matchbook romance,9
martin o'donnell & michael salvatori,9
koutaro nakagawa,9
the bluetones,9
teebee,9
avain,9
panic! at the disco,9
deadmau5,9
empire of the sun,9
mercan dede,9
ber-linn,9
the grates,9
dino merlin,9
paulina rubio,9
birds of tokyo,9
anthony rother,9
frightened rabbit,9
bruce cockburn,9
marlene kuntz,9
joe purdy,9
pentagram,9
coheed and cambria,9
despairsray,9
maga,9
bob marley & the wailers,9
the decemberists,9
marcelo camelo,9
alcazar,9
david sylvian,9
sega,9
morphine,9
yonderboi,8
joe jackson,8
gotye,8
cansei de ser sexy,8
roots manuva,8
fronda,8
micah p. hinson,8
marc broussard,8
final fantasy,8
alex smoke,8
bliss n eso,8
lou reed,8
athena,8
florence + the machine,8
el cuarteto de nos,8
thomas fersen,8
ane brun,8
quique gonzalez,8
of montreal,8
despistaos,8
i-dep,8
rita lee,8
joanna newsom,8
baba zula,8
d'angelo,8
edo maajka,8
miranda!,8
martin jondo,8
minilogue,8
andreas vollenweider,8
joe cocker,8
gang gang dance,8
the national,8
freestylers,8
psapp,8
horna,8
travis,8
pussycat dolls,8
crematory,8
the panics,8
skalariak,8
k's choice,8
gotan project,8
xasthur,8
the kills,8
electronic,8
crystal castles,8
tarot,8
camila,8
celtas cortos,8
the gladiators,8
black dice,8
bat for lashes,8
current value,8
reggie and the full effect,8
cirkus miramar,8
los bunkers,8
the black angels,8
kids in glass houses,8
the higher,8
maroon 5,7
split enz,7
laura marling,7
tullycraft,7
sin bandera,7
kansas,7
band of horses,7
the opposites,7
ludovico einaudi,7
grouper,7
margot & the nuclear so and so's,7
luis alberto spinetta,7
saturday looks good to me,7
pink floyd,7
vomitory,7
yeah yeah yeahs,7
josh kelley,7
moptop,7
e-z rollers,7
legion of the damned,7
nitin sawhney,7
rhythm & sound,7
30 seconds to mars,7
minor majority,7
riblja corba,7
john prine,7
the velvet underground,7
belchior,7
the black keys,7
the strokes,7
deus,7
the blackout,7
the sunday drivers,7
karnivool,7
ekatarina velika,7
bon iver,7
the thermals,7
sascha funke,7
divididos,7
rachels,7
the fiery furnaces,7
technical itch,7
battles,7
afi,7
hella,7
the detroit cobras,7
beanfield,7
man or astro-man?,7
pete and the pirates,7
laurie anderson,7
enrique iglesias,7
van she,7
iron & wine,7
lok,7
autopsy,7
carmen consoli,7
dwarves,7
the hives,7
plain white t's,7
peja slums attack,7
portishead,7
the kooks,7
lily allen,7
bananarama,7
u.d.o.,7
bt,7
ttc,6
the calling,6
dieselboy,6
elliott smith,6
panacea,6
dreams come true,6
hot hot heat,6
tender forever,6
petter,6
deadbeat,6
esthero,6
murder by death,6
saxon shore,6
haustor,6
les fatals picards,6
thirteen senses,6
ballboy,6
xploding plastix,6
regurgitator,6
pro-pain,6
kid koala,6
the dirtbombs,6
obrint pas,6
jon mclaughlin,6
future prophecies,6
pere ubu,6
ghinzu,6
department of eagles,6
micatone,6
p.o.s,6
duffy,6
stephen lynch,6
fisz emade jako tworzywo sztuczne,6
midlake,6
dido,6
ulrich schnauss,6
marc anthony,6
public image ltd.,6
luis fonsi,6
limewax,6
the ergs,6
hercules and love affair,6
dj vadim,6
guano apes,6
alice nine,6
guus meeuwis,6
led zeppelin,6
eterna inocencia,6
holly golightly,6
blackmores night,6
elliot minor,6
bryan adams,6
blu mar ten,6
sertab erener,6
mimikry,6
mecano,6
racoon,6
austin tv,6
scott brown,6
broken social scene,6
"damian ""jr. gong"" marley",6
nu:tone,6
scsi-9,6
the beatles,6
lunar aurora,6
moby,6
la roux,6
dj khaled,6
evil activities,5
fabri fibra,5
magrudergrind,5
elvis presley,5
peter ilych tchaikovsky,5
luomo,5
little boots,5
divokej bill,5
eminem,5
foreigner,5
mickey 3d,5
dri,5
raga rockers,5
tierra santa,5
television,5
lucie,5
the frames,5
yngwie malmsteen,5
sato naoki,5
ks choice,5
habeas corpus,5
james blunt,5
dominik eulberg,5
donots,5
the raconteurs,5
loke,5
indy & wich,5
rino gaetano,5
the elected,5
clap your hands say yeah,5
hillsong music australia,5
still remains,5
bohren & der club of gore,5
danny byrd,5
anna nalick,5
alain souchon,5
m-clan,5
brian eno,5
the mars volta,5
sabrepulse,5
steeleye span,5
gripin,5
giovanni allevi,5
death from above 1979,5
thicke,5
silversun pickups,5
juli,5
massilia sound system,5
seigmen,5
phil collins,5
marco borsato,5
haydn,5
soulwax,5
bebel gilberto,5
piebald,5
cavalera conspiracy,5
plastikman,5
the rapture,5
susumu yokota,4
volbeat,4
kudai,4
igor fjodorowitsch strawinski,4
hollywood undead,4
nirvana,4
john martyn,4
nada surf,4
the pipettes,4
sumo,4
haluk levent,4
kaskade,4
carbon leaf,4
phosphorescent,4
serj tankian,4
meat loaf,4
midnight oil,4
adam green,4
dubmood,4
cold war kids,4
virgin steele,4
tomas andersson wij,4
marilyn manson,4
girlyman,4
nox arcana,4
meg,4
ad hominem,4
my life with the thrill kill kult,4
jeff mills,4
los redondos,4
delillos,4
unwritten law,4
vanessa carlton,4
watain,4
altan,4
the doobie brothers,4
texas,4
high tone,4
coroner,4
almafuerte,4
los lobos,4
ben kweller,4
kirsty maccoll,4
massacre,4
inquisition,4
steve roach,4
jean-jacques goldman,4
the waterboys,4
the beat fleet,4
the organ,4
bullet for my valentine,4
chinaski,4
commix,4
the first step,4
jack johnson,4
skyfire,4
million dead,4
883,4
scott walker,4
cypress hill,4
mew,4
the cardigans,4
cem karaca,4
regina spektor,4
bijelo dugme,4
kinky,4
birdy nam nam,4
get cape. wear cape. fly,4
saybia,4
juliette & the licks,4
falcom sound team j.d.k.,4
deftones,4
eths,4
krezip,4
catupecu machu,4
x,4
team sleep,4
st. vincent,4
g.b.h,4
steve miller band,4
show of hands,3
planet funk,3
daniel johnston,3
drop dead gorgeous,3
vampire weekend,3
jeff buckley,3
spacemen 3,3
victor wooten,3
kate miller-heidke,3
milow,3
judas iscariot,3
kalle baah,3
the sounds,3
flyleaf,3
modest mouse,3
original london cast,3
the shins,3
harold budd,3
belle and sebastian,3
bso,3
mo' horizons,3
nephew,3
the faint,3
the notwist,3
the postal service,3
i'm from barcelona,3
waglewski fisz emade,3
damian jr. gong marley,3
dishwalla,3
darin,3
refused,3
the whitest boy alive,3
bernard fanning,3
mcvaffe,3
silbermond,3
clint mansell,3
the sonics,3
hot chip,3
chaka khan,3
chuck berry,3
4lyn,3
polarkreis 18,3
la buena vida,3
grace jones,3
i am ghost,3
fun people,3
the kovenant,3
shihad,3
buena vista social club,3
kultur shock,3
throbbing gristle,3
smoke city,3
macaco,3
the church,3
swayzak,3
the olivia tremor control,3
nomak,3
the clash,3
pete yorn,3
husky rescue,3
ac/dc,3
rippingtons,3
nicole scherzinger,3
patricio rey & sus redonditos de ricota,3
shayne ward,3
le peuple de lherbe,3
sybreed,3
houston calls,3
green day,3
tristan prettyman,3
prinz porno,3
"cooper,  alice",3
the business,3
le peuple de l'herbe,3
castanets,3
behexen,3
sister hazel,3
(+44),3
pierrot,3
peja/slums attack,3
original cast recording,3
the police,3
carpathian,3
daishi dance,3
runrig,3
page france,3
tom mcrae,3
joy division,3
morgan heritage,3
pantha du prince,2
the chieftains,2
"does it offend you, yeah?",2
the hood internet,2
katie melua,2
ratatat,2
phoenix,2
born ruffians,2
nazareth,2
dizzee rascal,2
marcus schulz,2
panzer ag,2
stina nordenstam,2
kingston wall,2
you am i,2
nickel creek,2
amesoeurs,2
death cab for cutie,2
charged g.b.h,2
every avenue,2
i am x,2
guillemots,2
sufjan stevens,2
gordon lightfoot,2
high school musical cast,2
lycia,2
ksmb,2
arsis,2
doro,2
acumen nation,2
buty,2
carajo,2
lene marlin,2
ekv,2
articolo 31,2
vetiver,2
tsjuder,2
puscifer,2
abigor,2
nick drake,2
diabolical masquerade,2
datarock,2
daniele silvestri,2
devendra banhart,2
spiderbait,2
janes addiction,2
jerry lee lewis,2
svinkels,2
the goo goo dolls,2
colleen,2
capercaillie,2
16volt,2
elephantman,2
tipper,2
irwin goodman,2
eric fish,2
threat signal,2
dredg,2
frankmusik,2
oasis,2
the adolescents,2
pj harvey,2
booba,2
nakagawa kotaro,2
my brightest diamond,2
pete & the pirates,2
apparat & ellen allien,2
phyllis hyman,2
madredeus,2
the kings of nuthin,2
legowelt,2
tre allegri ragazzi morti,2
aly & a.j.,2
illdisposed,2
jaya the cat,2
benighted,2
dangerdoom,2
sagisu shirou,2
tapes 'n tapes,2
postgirobygget,2
jurassic 5,2
i set my friends on fire,2
pixies,2
ego-wrappin,2
ruoska,2
killah priest,2
jeff tweedy,2
parni valjak,2
the go! team,2
redd,2
metallica,2
florence and the machine,2
gg allin,2
d12,2
afro celts,2
orange juice,2
dethklok,2
afghan whigs,2
funeral mist,2
13th floor elevators,2
!!!,2
djpretzel,2
mgmt,2
ceza,2
underworld,2
brad mehldau,2
nek,2
little joy,2
(hed) p.e,2
ryan cabrera,2
head automatica,1
orb,1
the agony scene,1
rick wakeman,1
plies,1
the bravery,1
sambassadeur,1
air,1
talamasca,1
tristan tzara,1
tapes n tapes,1
suicide commandos,1
prokofief,1
caspa & rusko,1
pineapple thief,1
rantanplan,1
hi-standard,1
sfdk,1
kontrafakt,1
itchy poopzkid,1
martha wainwright,1
dragonette,1
his hero is gone,1
geri halliwell,1
the knife,1
fatboy slim,1
passion pit,1
the zutons,1
the movielife,1
tragedy,1
the tiger lillies,1
fat jon,1
aventura,1
amel larrieux,1
blood duster,1
blackalicious,1
method man and redman,1
morrissey,1
toxic holocaust,1
jenny lewis with the watson twins,1
discordance axis,1
phantom planet,1
vincent delerm,1
the concretes,1
karma to burn,1
beirut,1
the beautiful south,1
frontside,1
basement jaxx,1
sam sparro,1
dark sanctuary,1
hey monday,1
my little airport,1
negramaro,1
del tha funkee homosapien,1
robert lopez and jeff marx,1
the klaxons,1
london cast,1
sergej rachmaninov,1
bryan ferry & roxy music,1
sonic the hedgehog 2,1
john fahey,1
natalie imbruglia,1
nick cave and the bad seeds,1
the chemical brothers,1
the cars,1
adam and the ants,1
we the kings,1
michael andrews,1
die krupps,1
peter licht,1
maleo reggae rockers,1
therapy?,1
infest,1
the devin townsend band,1
fredrik thordendals special defects,1
miguel migs,1
violadores del verso,1
leonard cohen,1
belinda,1
reigning sound,1
dan deacon,1
george carlin,1
static x,1
bela b.,1
john mellencamp,1
hot rod circuit,1
shai hulud,1
joan baez,1
david byrne,1
ayria,1
doe maar,1
replikas,1
olivia ruiz,1
nightingale,1
hillsong australia,1
wohnout,1
the offspring,1
the darkness,1
jim brickman,1
"tchaikovsky, pyotr il'yich (1840-1893)",1
sebastian,1
the doors,1
labradford,1
destroy the runner,1
bill hicks,1
gianna nannini,1
css,1
cocco,1
bethlehem,1
soundtrack,1
iq,1
the smashing pumpkins,1
mono & nikitaman,1
gallows,1
cabaret voltaire,1
mute math,1
the streets,1
lali puna,1
sondre lerche,1
a thorn for every heart,1
the moldy peaches,1
masters of reality,1
bob james,1
wiley,1
blitzen trapper,1
flow,1
tv on the radio,1
nosliw,1
sparta,1
brant bjork & the bros,1
jeanne cherhal,1
the sound,1
andrew lloyd webber,1
shaggy,1
full blown chaos,1
brokencyde,1
theatres des vampires,1
high school musical 3,1
peter murphy,1
peter bjorn and john,1
towa tei,1
charlotte gainsbourg,1
cave in,1
girl talk,1
the black lips,1
survivor,1
hundred reasons,1
pigface,1
black kids,1
flight of the conchords,1
paralamas do sucesso,1
chad vangaalen,1
snow patrol,1
first blood,1
dilated peoples,1
raheem devaughn,1
konami music entertainment,1
divine heresy,1
dead by april,1
subtle,1
saul williams,1
vashti bunyan,1
half man half biscuit,1
"mozart, wa",1
cruachan,1
will young,1
the bloody beetroots,1
liferuiner,1
exilia,1
lcd soundsystem,1
the black ghosts,1
el perro del mar,1
laura veirs,1
plus 44,1
triarii,1
the animals,1
inme,1
2 many dj's,1
pnau,1
soft machine,1
oh no! oh my!,1
stephen malkmus,1
estatic fear,1
4 promille,1
lo-fi-fnk,1
m83,1
the peacocks,1
antony and the johnsons,1
the velvet teen,1
zbigniew preisner,1
todd snider,1
dungen,1
die form,1
mylo,1
the magic numbers,1
emil bulls,1
amanda jenssen,1
sons and daughters,1
orginal broadway cast,1
alphabeat,1
cky,1
monsters of liedermaching,1
sergi rachmaninoff,1
autumn tears,1
tiken jah fakoly,1
leftfield,1
lila downs,1
ajda pekkan,1
closterkeller,1
gazette,1
sonic the hedgehog,1
absynthe minded,1
blue six,1
floorpunch,1
